boq_item,room,description,unit,qty,unit_price,total
R1-M.A.740-26/1,entrance_salon,Supply and installation wall cladding included 2 cabinet Made of MDF W/R with Beech veneer stain finish size 5000 x H = 2800 mm x (D= 450 mm for shelving cabinet & D = 600 mm for ABAYA cabinet include LED Light under the cladding @ G.F. Entrance as per desgin,m2,14.0,1100.0,15400.0
R1-M.A.740-26/1a,entrance_salon,Supply and installation Soundproog Rubber wall Cladding with Gybsum board and Rock wool base paint @ G.F. TV Wall,m2,21.0,475.0,9975.0
R1-M.A.740-26/2,entrance_salon,Supply and installation open shelves made of MDF W/R with doku paint size W= 1400 x H = 2800 mmx D = 350mm @ G.F. salon ( on either side of the TV ) as per desgin,unit,2.0,4893.0,9786.0
R1-M.A.740-26/3,entrance_salon,Supply and installation 6 wall shelves different sizes MDF W/R with doku paint @ G.F. Salon as per design,LS,1.0,2200.0,2000.0
R1-M.A.740-26/4,entrance_salon,Supply and installation wall cladding included Niche Made of Gypsumn Board with Paint finish size W = 2400 x H = 2800 mm x D = 350 mm@ G.F. salon( TV backround ) as per design,Unit,1.0,2500.0,2500.0
R1-M.A.740-26/5,entrance_salon,Supply and installation wall Cladding Cement board with base paint & Ceiling paint @ G.F. Guests Bathroom,LS,1.0,2000.0,2000.0
R1-M.A.740-26/6,entrance_salon,removing the decorative Gypsum on the ceiling and paint @ G.F. Entrance,LS,1.0,800.0,800.0
R1-M.A.740-26/7,entrance_salon,supply and Apply wall & Ceiling paint @ Entarnce Salon,M2,70.0,35.0,2450.0
R1-M.A.740-26/8,powder_room_aziza,Supply and installation Dressing cabinet with drawers makeup table Made of MDF and the solid wood molding door leaf doku paint finish size W = 2400 x H = 2800 mmx D =500 mm as per design,unit,1.0,6850.0,6850.0
R1-M.A.740-26/9,powder_room_aziza,Supply and installation Closet with shelves Made of MDF and solid wood molding door leaf size W = 1200 x H = 2800 mmx D =350 mm,Unit,2.0,3800.0,7600.0
R1-M.A.740-26/10,bathroom_aziza,Removing the porcelain floors and walls in tow bathroom and glass of the shower and sink included the making new insulation,LS,1.0,2500.0,2500.0
R1-M.A.740-26/11,bathroom_aziza,Installation of porcelain for flooring and wall @ shower area,LS,1.0,3250.0,3250.0
R1-M.A.740-26/12,bathroom_aziza,Supply and installation 3 leaf cabinet Made of MDF with Beech veneer finish size W = 1700 x H = 2800 mmx D =500 mm @ as per design,Unit,1.0,4760.0,4760.0
R1-M.A.740-26/13,bathroom_aziza,Supply and installation Vanity cabinet Made of MDF with Beech veneer finish size W = 1100 x H = 850 mmx D =500 mm as per design,Unit,1.0,2500.0,2500.0
R1-M.A.740-26/14,bathroom_aziza,Supply and installation Marble Top for Vanity kind of Rossi Levanto size W = 1100 x D = 500 mm x Thk.20 mm with Marble skirting size L = 1100 x H= 150 x Tkh. 20 mm,Unit,1.0,5650.0,5650.0
R1-M.A.740-26/15,bathroom_aziza,Supply and installation Shower Forsted Galss door & Partition Thk.10mmwith size W= 1600 x H = 1500 mm,Unit,1.0,2750.0,2750.0
R1-M.A.740-26/16,bathroom_aziza,supply and Apply wall & Ceiling paint,LS,1.0,850.0,850.0
R1-M.A.740-26/17,office,Supply and installation open shelves with small low cabinet made of MDF W/R with doku paint size W= 2650 x H = 3000 mmx D = 500 mmx Tkh. 36mm as per desgin,Unit,1.0,7850.0,7850.0
R1-M.A.740-26/18,office,Supply and installation cabinet Made of MDF with Beech veneer and with decorative moulding door finish size W = 1440 x H = 3000 mmx D =400 mm,Unit,2.0,5250.0,10500.0
R1-M.A.740-26/19,office,supply and Apply wall & Ceiling paint,LS,1.0,1000.0,1000.0
R1-M.A.740-26/20,powder_room_mohammed,Supply and installation 2 cabinet and wall teble Made of MDF W/R with Beech veneer with solid Beech wood stain finish size W = 2500 x H = 2860 mmx D =500 mm as per design,Unit,1.0,8450.0,8450.0
R1-M.A.740-26/21,powder_room_mohammed,supply and Apply wall & Ceiling paint,LS,1.0,1500.0,1500.0
R1-M.A.740-26/22,bathroom_mohammed,Removing the porcelain floors and walls and glass of the shower and sink included the making new insulation,LS,1.0,2500.0,2500.0
R1-M.A.740-26/23,bathroom_mohammed,Installation of porcelain for flooring and wall @ shower area,LS,1.0,3250.0,3250.0
R1-M.A.740-26/24,bathroom_mohammed,Supply and installation Marble Top for Vanity kind of Rossi Levanto size W = 1100 x D = 500 mm x Thk.20 mm with Marble skirting,Unit,1.0,5260.0,5260.0
R1-M.A.740-26/25,bathroom_mohammed,Supply and installation Shower Forsted Galss door & Partition Thk.10mmwith size W= 1600 x H = 1500 mm,Unit,1.0,2750.0,2750.0
R1-M.A.740-26/26,bathroom_mohammed,Supply and installation Vanity cabinet Made of MDF with Beech veneer finish size W = 1100 x H = 850 mmx D =500 mm as per design,Unit,1.0,2500.0,2500.0
R1-M.A.740-26/27,bathroom_mohammed,supply and Apply wall & Ceiling paint,LS,1.0,850.0,850.0
R1-M.A.740-26/28,hallways,supply and Apply wall & Ceiling paint,m2,80.0,35.0,2800.0
R1-M.A.740-26/29,kitchenette,Supply and installation Marble wall Bar kind of Verde Guatemale size L = 1090 x D = 500 mm x Thk.20mm with Cladding same Marble size L = 1090 x H= 400 x Tkh. 20 mm,Unit,1.0,4666.0,4666.0
R1-M.A.740-26/30,kitchenette,Supply and installation Folding door Made of solid Beech wood frame and the panel made of Acrylic class paint finish with special Rail size W = 1750 x H = 2800 mm,Unit,1.0,3800.0,3800.0
R1-M.A.740-26/31,master_bedroom,Supply and installation 2 cabinet and upper samll cabinet and 2 side wall drawers Made of MDF W/R with Beech veneer with solid Beech wood moulding( the panel for door leaf will be wall paper or fabric the price will be separate ) stain finish size W = 4260 x H = 3000 mmx D =500 mm as per design,Unit,1.0,13300.0,13300.0
R1-M.A.740-26/32,master_bedroom,Supply and installation Headboard Made of MDF/WR with Upholstery & LED Up the H.B. size L = 2600mm x H = 1000 mm ( The Fabric supply By Client ),Unit,1.0,2950.0,2950.0
R1-M.A.740-26/33,master_bedroom,Supply and installation 2 cabinet and lower Drawers and upper cabinet on either side of the TV Made of MDF W/R with Beech veneer with solid Beech wood moulding ( the panel for door leaf will be wall paper or fabric the price will be separate ) stain finish size W = 4260 x H = 3000 mmx D =500 mm @ TV area as per design Item No. 14,Unit,1.0,14580.0,14580.0
